maps,
/Game/Kujiale/Scenes/kujiale_0011/Maps/kujiale_0011
/Game/Kujiale/Scenes/kujiale_0012/Maps/kujiale_0012
/Game/Kujiale/Scenes/kujiale_0013/Maps/kujiale_0013
/Game/Kujiale/Scenes/kujiale_0014/Maps/kujiale_0014
/Game/Kujiale/Scenes/kujiale_0015/Maps/kujiale_0015
/Game/Kujiale/Scenes/kujiale_0016/Maps/kujiale_0016
/Game/Kujiale/Scenes/kujiale_0017/Maps/kujiale_0017
/Game/Kujiale/Scenes/kujiale_0018/Maps/kujiale_0018
/Game/Kujiale/Scenes/kujiale_0019/Maps/kujiale_0019
/Game/Kujiale/Scenes/kujiale_0020/Maps/kujiale_0020
/Game/Kujiale/Scenes/kujiale_0021/Maps/kujiale_0021
/Game/Kujiale/Scenes/kujiale_0022/Maps/kujiale_0022
/Game/Kujiale/Scenes/kujiale_0023/Maps/kujiale_0023
/Game/Kujiale/Scenes/kujiale_0024/Maps/kujiale_0024
/Game/Kujiale/Scenes/kujiale_0025/Maps/kujiale_0025
/Game/Kujiale/Scenes/kujiale_0027/Maps/kujiale_0027
/Game/Kujiale/Scenes/kujiale_0029/Maps/kujiale_0029
/Game/Kujiale/Scenes/kujiale_0030/Maps/kujiale_0030
/Game/Kujiale/Scenes/kujiale_0031/Maps/kujiale_0031
/Game/Kujiale/Scenes/kujiale_0032/Maps/kujiale_0032
/Game/Kujiale/Scenes/kujiale_0033/Maps/kujiale_0033
/Game/Kujiale/Scenes/kujiale_0034/Maps/kujiale_0034
/Game/Kujiale/Scenes/kujiale_0035/Maps/kujiale_0035
/Game/Kujiale/Scenes/kujiale_0036/Maps/kujiale_0036
/Game/Kujiale/Scenes/kujiale_0037/Maps/kujiale_0037
/Game/Kujiale/Scenes/kujiale_0038/Maps/kujiale_0038
/Game/Kujiale/Scenes/kujiale_0039/Maps/kujiale_0039
/Game/Kujiale/Scenes/kujiale_0040/Maps/kujiale_0040
/Game/Kujiale/Scenes/kujiale_0041/Maps/kujiale_0041
/Game/Kujiale/Scenes/kujiale_0042/Maps/kujiale_0042
/Game/Kujiale/Scenes/kujiale_0043/Maps/kujiale_0043
/Game/Kujiale/Scenes/kujiale_0044/Maps/kujiale_0044
/Game/Kujiale/Scenes/kujiale_0045/Maps/kujiale_0045
/Game/Kujiale/Scenes/kujiale_0046/Maps/kujiale_0046
/Game/Kujiale/Scenes/kujiale_0047/Maps/kujiale_0047
/Game/Kujiale/Scenes/kujiale_0048/Maps/kujiale_0048
/Game/Kujiale/Scenes/kujiale_0049/Maps/kujiale_0049
/Game/Kujiale/Scenes/kujiale_0050/Maps/kujiale_0050
/Game/Kujiale/Scenes/kujiale_0051/Maps/kujiale_0051
/Game/Kujiale/Scenes/kujiale_0054/Maps/kujiale_0054
/Game/Kujiale/Scenes/kujiale_0055/Maps/kujiale_0055
/Game/Kujiale/Scenes/kujiale_0056/Maps/kujiale_0056
/Game/Kujiale/Scenes/kujiale_0057/Maps/kujiale_0057
/Game/Kujiale/Scenes/kujiale_0058/Maps/kujiale_0058
/Game/Kujiale/Scenes/kujiale_0059/Maps/kujiale_0059
/Game/Kujiale/Scenes/kujiale_0060/Maps/kujiale_0060
/Game/Kujiale/Scenes/kujiale_0061/Maps/kujiale_0061
/Game/Kujiale/Scenes/kujiale_0062/Maps/kujiale_0062
/Game/Kujiale/Scenes/kujiale_0063/Maps/kujiale_0063
/Game/Kujiale/Scenes/kujiale_0064/Maps/kujiale_0064
/Game/Kujiale/Scenes/kujiale_0065/Maps/kujiale_0065
/Game/Kujiale/Scenes/kujiale_0066/Maps/kujiale_0066
/Game/Kujiale/Scenes/kujiale_0067/Maps/kujiale_0067
/Game/Kujiale/Scenes/kujiale_0068/Maps/kujiale_0068
/Game/Kujiale/Scenes/kujiale_0069/Maps/kujiale_0069
/Game/Kujiale/Scenes/kujiale_0070/Maps/kujiale_0070
/Game/Kujiale/Scenes/kujiale_0071/Maps/kujiale_0071
/Game/Kujiale/Scenes/kujiale_0072/Maps/kujiale_0072
/Game/Kujiale/Scenes/kujiale_0073/Maps/kujiale_0073
/Game/Kujiale/Scenes/kujiale_0074/Maps/kujiale_0074
/Game/Kujiale/Scenes/kujiale_0076/Maps/kujiale_0076
/Game/Kujiale/Scenes/kujiale_0077/Maps/kujiale_0077
/Game/Kujiale/Scenes/kujiale_0078/Maps/kujiale_0078
/Game/Kujiale/Scenes/kujiale_0079/Maps/kujiale_0079
/Game/Kujiale/Scenes/kujiale_0080/Maps/kujiale_0080
/Game/Kujiale/Scenes/kujiale_0081/Maps/kujiale_0081
/Game/Kujiale/Scenes/kujiale_0082/Maps/kujiale_0082
/Game/Kujiale/Scenes/kujiale_0083/Maps/kujiale_0083
/Game/Kujiale/Scenes/kujiale_0085/Maps/kujiale_0085
/Game/Kujiale/Scenes/kujiale_0086/Maps/kujiale_0086
/Game/Kujiale/Scenes/kujiale_0087/Maps/kujiale_0087
/Game/Kujiale/Scenes/kujiale_0088/Maps/kujiale_0088
/Game/Kujiale/Scenes/kujiale_0089/Maps/kujiale_0089
/Game/Kujiale/Scenes/kujiale_0090/Maps/kujiale_0090
/Game/Kujiale/Scenes/kujiale_0091/Maps/kujiale_0091
/Game/Kujiale/Scenes/kujiale_0092/Maps/kujiale_0092
/Game/Kujiale/Scenes/kujiale_0093/Maps/kujiale_0093
/Game/Kujiale/Scenes/kujiale_0094/Maps/kujiale_0094
/Game/Kujiale/Scenes/kujiale_0096/Maps/kujiale_0096
/Game/Kujiale/Scenes/kujiale_0097/Maps/kujiale_0097
/Game/Kujiale/Scenes/kujiale_0098/Maps/kujiale_0098
/Game/Kujiale/Scenes/kujiale_0099/Maps/kujiale_0099
/Game/Kujiale/Scenes/kujiale_0100/Maps/kujiale_0100
/Game/Kujiale/Scenes/kujiale_0101/Maps/kujiale_0101
/Game/Kujiale/Scenes/kujiale_0102/Maps/kujiale_0102
/Game/Kujiale/Scenes/kujiale_0103/Maps/kujiale_0103
/Game/Kujiale/Scenes/kujiale_0104/Maps/kujiale_0104
/Game/Kujiale/Scenes/kujiale_0105/Maps/kujiale_0105
/Game/Kujiale/Scenes/kujiale_0106/Maps/kujiale_0106
/Game/Kujiale/Scenes/kujiale_0107/Maps/kujiale_0107
/Game/Kujiale/Scenes/kujiale_0109/Maps/kujiale_0109
/Game/Kujiale/Scenes/kujiale_0110/Maps/kujiale_0110
/Game/Kujiale/Scenes/kujiale_0111/Maps/kujiale_0111
/Game/Kujiale/Scenes/kujiale_0112/Maps/kujiale_0112
/Game/Kujiale/Scenes/kujiale_0113/Maps/kujiale_0113
/Game/Kujiale/Scenes/kujiale_0114/Maps/kujiale_0114
/Game/Kujiale/Scenes/kujiale_0115/Maps/kujiale_0115
/Game/Kujiale/Scenes/kujiale_0116/Maps/kujiale_0116
/Game/Kujiale/Scenes/kujiale_0117/Maps/kujiale_0117
/Game/Kujiale/Scenes/kujiale_0121/Maps/kujiale_0121
/Game/Kujiale/Scenes/kujiale_0122/Maps/kujiale_0122
/Game/Kujiale/Scenes/kujiale_0123/Maps/kujiale_0123
/Game/Kujiale/Scenes/kujiale_0124/Maps/kujiale_0124
/Game/Kujiale/Scenes/kujiale_0125/Maps/kujiale_0125
/Game/Kujiale/Scenes/kujiale_0126/Maps/kujiale_0126
/Game/Kujiale/Scenes/kujiale_0127/Maps/kujiale_0127
/Game/Kujiale/Scenes/kujiale_0128/Maps/kujiale_0128
/Game/Kujiale/Scenes/kujiale_0129/Maps/kujiale_0129
/Game/Kujiale/Scenes/kujiale_0130/Maps/kujiale_0130
/Game/Kujiale/Scenes/kujiale_0131/Maps/kujiale_0131
/Game/Kujiale/Scenes/kujiale_0132/Maps/kujiale_0132
/Game/Kujiale/Scenes/kujiale_0133/Maps/kujiale_0133
/Game/Kujiale/Scenes/kujiale_0134/Maps/kujiale_0134
/Game/Kujiale/Scenes/kujiale_0143/Maps/kujiale_0143
/Game/Kujiale/Scenes/kujiale_0144/Maps/kujiale_0144
/Game/Kujiale/Scenes/kujiale_0145/Maps/kujiale_0145
/Game/Kujiale/Scenes/kujiale_0146/Maps/kujiale_0146
/Game/Kujiale/Scenes/kujiale_0147/Maps/kujiale_0147
/Game/Kujiale/Scenes/kujiale_0148/Maps/kujiale_0148
/Game/Kujiale/Scenes/kujiale_0149/Maps/kujiale_0149
/Game/Kujiale/Scenes/kujiale_0150/Maps/kujiale_0150
/Game/Kujiale/Scenes/kujiale_0151/Maps/kujiale_0151
/Game/Kujiale/Scenes/kujiale_0152/Maps/kujiale_0152
/Game/Kujiale/Scenes/kujiale_0153/Maps/kujiale_0153
/Game/Kujiale/Scenes/kujiale_0154/Maps/kujiale_0154
/Game/Kujiale/Scenes/kujiale_0155/Maps/kujiale_0155
/Game/Kujiale/Scenes/kujiale_0156/Maps/kujiale_0156
/Game/Kujiale/Scenes/kujiale_0157/Maps/kujiale_0157
/Game/Kujiale/Scenes/kujiale_0158/Maps/kujiale_0158
/Game/Kujiale/Scenes/kujiale_0159/Maps/kujiale_0159
/Game/Kujiale/Scenes/kujiale_0160/Maps/kujiale_0160
/Game/Kujiale/Scenes/kujiale_0162/Maps/kujiale_0162
/Game/Kujiale/Scenes/kujiale_0163/Maps/kujiale_0163
/Game/Kujiale/Scenes/kujiale_0164/Maps/kujiale_0164
/Game/Kujiale/Scenes/kujiale_0165/Maps/kujiale_0165
/Game/Kujiale/Scenes/kujiale_0166/Maps/kujiale_0166
/Game/Kujiale/Scenes/kujiale_0167/Maps/kujiale_0167
/Game/Kujiale/Scenes/kujiale_0168/Maps/kujiale_0168
/Game/Kujiale/Scenes/kujiale_0169/Maps/kujiale_0169
/Game/Kujiale/Scenes/kujiale_0170/Maps/kujiale_0170
/Game/Kujiale/Scenes/kujiale_0171/Maps/kujiale_0171
/Game/Kujiale/Scenes/kujiale_0173/Maps/kujiale_0173
/Game/Kujiale/Scenes/kujiale_0175/Maps/kujiale_0175
/Game/Kujiale/Scenes/kujiale_0176/Maps/kujiale_0176
/Game/Kujiale/Scenes/kujiale_0177/Maps/kujiale_0177
/Game/Kujiale/Scenes/kujiale_0178/Maps/kujiale_0178
/Game/Kujiale/Scenes/kujiale_0179/Maps/kujiale_0179
/Game/Kujiale/Scenes/kujiale_0180/Maps/kujiale_0180
/Game/Kujiale/Scenes/kujiale_0182/Maps/kujiale_0182
/Game/Kujiale/Scenes/kujiale_0183/Maps/kujiale_0183
