class,editor_property
ActorComponentTickFunction,allow_tick_on_dedicated_server
ActorComponentTickFunction,end_tick_group
ActorComponentTickFunction,start_with_tick_enabled
ActorComponentTickFunction,tick_even_when_paused
ActorComponentTickFunction,tick_group
ActorComponentTickFunction,tick_interval
AngularDriveConstraint,angular_drive_mode
AngularDriveConstraint,angular_velocity_target
AngularDriveConstraint,orientation_target
AngularDriveConstraint,slerp_drive
AngularDriveConstraint,swing_drive
AngularDriveConstraint,twist_drive
ConeConstraint,contact_distance
ConeConstraint,damping
ConeConstraint,restitution
ConeConstraint,soft_constraint
ConeConstraint,stiffness
ConeConstraint,swing1_limit_degrees
ConeConstraint,swing1_motion
ConeConstraint,swing2_limit_degrees
ConeConstraint,swing2_motion
ConstrainComponentPropName,component_name
ConstraintDrive,damping
ConstraintDrive,enable_position_drive
ConstraintDrive,enable_velocity_drive
ConstraintDrive,max_force
ConstraintDrive,stiffness
ConstraintInstance,angular_rotation_offset
ConstraintInstance,constraint_bone1
ConstraintInstance,constraint_bone2
ConstraintInstance,joint_name
ConstraintInstance,pos1
ConstraintInstance,pos2
ConstraintInstance,pri_axis1
ConstraintInstance,pri_axis2
ConstraintInstance,profile_instance
ConstraintInstance,scale_linear_limits
ConstraintInstance,sec_axis1
ConstraintInstance,sec_axis2
ConstraintProfileProperties,angular_break_threshold
ConstraintProfileProperties,angular_breakable
ConstraintProfileProperties,angular_drive
ConstraintProfileProperties,angular_plasticity
ConstraintProfileProperties,angular_plasticity_threshold
ConstraintProfileProperties,cone_limit
ConstraintProfileProperties,contact_transfer_scale
ConstraintProfileProperties,disable_collision
ConstraintProfileProperties,enable_mass_conditioning
ConstraintProfileProperties,enable_projection
ConstraintProfileProperties,enable_shock_propagation
ConstraintProfileProperties,linear_break_threshold
ConstraintProfileProperties,linear_breakable
ConstraintProfileProperties,linear_drive
ConstraintProfileProperties,linear_limit
ConstraintProfileProperties,linear_plasticity
ConstraintProfileProperties,linear_plasticity_threshold
ConstraintProfileProperties,linear_plasticity_type
ConstraintProfileProperties,parent_dominates
ConstraintProfileProperties,projection_angular_alpha
ConstraintProfileProperties,projection_angular_tolerance
ConstraintProfileProperties,projection_linear_alpha
ConstraintProfileProperties,projection_linear_tolerance
ConstraintProfileProperties,shock_propagation_alpha
ConstraintProfileProperties,twist_limit
Guid,a
Guid,b
Guid,c
Guid,d
PhysicsConstraintComponent,absolute_location
PhysicsConstraintComponent,absolute_rotation
PhysicsConstraintComponent,absolute_scale
PhysicsConstraintComponent,asset_user_data
PhysicsConstraintComponent,auto_activate
PhysicsConstraintComponent,can_ever_affect_navigation
PhysicsConstraintComponent,component_name1
PhysicsConstraintComponent,component_name2
PhysicsConstraintComponent,component_tags
PhysicsConstraintComponent,constraint_actor1
PhysicsConstraintComponent,constraint_actor2
PhysicsConstraintComponent,constraint_instance
PhysicsConstraintComponent,detail_mode
PhysicsConstraintComponent,editable_when_inherited
PhysicsConstraintComponent,hidden_in_game
PhysicsConstraintComponent,is_editor_only
PhysicsConstraintComponent,mobility
PhysicsConstraintComponent,on_component_activated
PhysicsConstraintComponent,on_component_deactivated
PhysicsConstraintComponent,on_constraint_broken
PhysicsConstraintComponent,on_plastic_deformation
PhysicsConstraintComponent,physics_volume_changed_delegate
PhysicsConstraintComponent,primary_component_tick
PhysicsConstraintComponent,relative_location
PhysicsConstraintComponent,relative_rotation
PhysicsConstraintComponent,relative_scale3d
PhysicsConstraintComponent,replicate_using_registered_sub_object_list
PhysicsConstraintComponent,replicates
PhysicsConstraintComponent,should_update_physics_volume
PhysicsConstraintComponent,use_attach_parent_bound
PhysicsConstraintComponent,visible
LinearConstraint,contact_distance
LinearConstraint,damping
LinearConstraint,limit
LinearConstraint,restitution
LinearConstraint,soft_constraint
LinearConstraint,stiffness
LinearConstraint,x_motion
LinearConstraint,y_motion
LinearConstraint,z_motion
LinearDriveConstraint,enable_position_drive
LinearDriveConstraint,position_target
LinearDriveConstraint,velocity_target
LinearDriveConstraint,x_drive
LinearDriveConstraint,y_drive
LinearDriveConstraint,z_drive
MeshUVChannelInfo,local_uv_densities
MeshUVChannelInfo,override_densities
TwistConstraint,contact_distance
TwistConstraint,damping
TwistConstraint,restitution
TwistConstraint,soft_constraint
TwistConstraint,stiffness
TwistConstraint,twist_limit_degrees
TwistConstraint,twist_motion
